,Country,Job Title,Age,Quantity,Percentage
2212,Spain,Clinical Data Management Manager (CDM Manager),59,1,0.0117%
2213,Spain,Geographic Information Systems Data Administrator (GIS Data Administrator),41,1,0.0117%
2214,Spain,Database Security Expert,52,1,0.0117%
2215,Spain,Weight in Motion Field Data Collection Technician,45,1,0.0117%
2216,Spain,Geographic Information Systems Data Administrator (GIS Data Administrator),50,1,0.0117%
2217,Spain,Data Entry Representative,65,1,0.0117%
2218,Spain,,24,1,0.0117%
2219,Spain,Electronic Data Interchange System Developer (EDI System Developer),35,1,0.0117%
2220,Spain,,29,1,0.0117%
2221,Spain,Data Sciences Director,54,1,0.0117%
2222,Spain,Data Miner,25,1,0.0117%
2223,Spain,,32,1,0.0117%
2224,Spain,Data Scientist,51,1,0.0117%
2225,Spain,Automatic Data Processing Planner,31,1,0.0117%
2226,Spain,Automatic Data Processing Planner,49,1,0.0117%
2227,Spain,,18,1,0.0117%
2228,Spain,Automatic Data Processing Planner,39,1,0.0117%
2229,Spain,Data Communications Software Consultant,47,1,0.0117%
2230,Spain,,44,1,0.0117%
2231,Spain,Data Communications Analyst,46,1,0.0117%
2232,Spain,,54,1,0.0117%
2233,Spain,Data Scientist,47,1,0.0117%
2234,Spain,Data Processing Auditor,45,1,0.0117%
2235,Spain,Geographic Information Systems Database Administrator (GIS Database Administrator),50,1,0.0117%
2236,Spain,,23,1,0.0117%
2237,Spain,,27,1,0.0117%
2238,Spain,Data Processing Consultant,29,1,0.0117%
2239,Spain,,49,1,0.0117%
2240,Spain,,43,1,0.0117%
2241,Spain,Data Base Design Analyst,20,1,0.0117%
2242,Spain,,47,1,0.0117%
2243,Spain,Electronic Data Processing Auditor (EDP Auditor),40,1,0.0117%
2244,Spain,,34,1,0.0117%
2245,Spain,,58,1,0.0117%
2246,Spain,Database Coordinator,34,1,0.0117%
2247,Spain,,48,1,0.0117%
2248,Spain,Data Warehouse Analyst,30,1,0.0117%
2249,Spain,Database Management System Specialist (DBMS Specialist),35,1,0.0117%
2250,Spain,,42,1,0.0117%
2251,Spain,Databases Software Consultant,40,1,0.0117%
2252,Spain,Computer or Data Processing Systems Consultant,20,1,0.0117%
2253,Spain,,41,1,0.0117%
2254,Spain,Data Management Manager,43,1,0.0117%
2255,Spain,,19,1,0.0117%
2256,Spain,,21,1,0.0117%
2257,Spain,Geographic Information Systems Data Manager (GIS Data Manager),42,1,0.0117%
2258,Spain,Data Management Associate,35,1,0.0117%
2259,Spain,SQL Database Administrator,56,1,0.0117%
2260,Spain,Database Security Administrator,32,1,0.0117%
2261,Spain,,38,1,0.0117%
2262,Spain,Internet Database Specialist,38,1,0.0117%
2263,Spain,,30,1,0.0117%
2264,Spain,Database Consultant,45,1,0.0117%
2265,Spain,Database Engineer,28,1,0.0117%
2266,Spain,Database Engineer,59,1,0.0117%
2267,Spain,Database Modeler,49,1,0.0117%
2268,Spain,SQL Database Administrator,48,1,0.0117%
2269,Spain,Scientific Database Curator,42,1,0.0117%
2270,Spain,Data Collector,25,1,0.0117%
2271,Spain,Director of Data Operations,43,1,0.0117%
2272,Spain,,23,1,0.0117%
2273,Spain,SCADA Technician (Supervisory Control and Data Acquisition Technician),48,1,0.0117%
2274,Spain,Automatic Data Processing Customer Liaison (ADP Customer Liaison),28,1,0.0117%
2275,Spain,,40,1,0.0117%
2276,Spain,Data Compiler,39,1,0.0117%
2277,Spain,Database Engineer,59,1,0.0117%
2278,Spain,Reference Data Expert,33,1,0.0117%
2279,Spain,Database Architect,26,1,0.0117%
2280,Spain,Data Security Analyst,21,1,0.0117%
2281,Spain,Survey Data Technician,19,1,0.0117%
2282,Spain,Data Systems Manager,40,1,0.0117%
2283,Spain,Data Warehousing Manager,29,1,0.0117%
2284,Spain,Database Architect,41,1,0.0117%
2285,Spain,,25,1,0.0117%
2286,Spain,,39,1,0.0117%
2287,Spain,Database Development and Administration Project Manager,25,1,0.0117%
2288,Spain,,46,1,0.0117%
2289,Spain,,49,1,0.0117%
2290,Spain,Geographic Information Systems Data Manager (GIS Data Manager),59,1,0.0117%
2291,Spain,,48,1,0.0117%
2292,Spain,,35,1,0.0117%
2293,Spain,SQL Database Administrator,48,1,0.0117%
2294,Spain,,19,1,0.0117%
2295,Spain,,19,1,0.0117%
2296,Spain,Director of Data Operations,30,1,0.0117%
2297,Spain,Database Modeler,40,1,0.0117%
2298,Spain,Database Development and Administration Project Manager,36,1,0.0117%
2299,Spain,Database Engineer,45,1,0.0117%
2300,Spain,Data Processing Consultant,36,1,0.0117%
2301,Spain,SQL Database Administrator,44,1,0.0117%
2302,Spain,,21,1,0.0117%
2303,Spain,,41,1,0.0117%
2304,Spain,Data Coordinator,49,1,0.0117%
2305,Spain,Data Storage Specialist,39,1,0.0117%
2306,Spain,,29,1,0.0117%
2307,Spain,Database Administration Associate,52,1,0.0117%
2308,Spain,,41,1,0.0117%
2309,Spain,Data Architect,22,1,0.0117%
2310,Spain,Data Architect,50,1,0.0117%
2311,Spain,Data Operations Director,43,1,0.0117%
2312,Spain,Data Security Administrator,27,1,0.0117%
2313,Spain,,26,1,0.0117%
2314,Spain,Crime Data Specialist,56,1,0.0117%
2315,Spain,Database Design Analyst,45,1,0.0117%
2316,Spain,,58,1,0.0117%
2317,Spain,Data Management Associate,40,1,0.0117%
2318,Spain,Database Manager,43,1,0.0117%
2319,Spain,,55,1,0.0117%
2320,Spain,Data Processing Systems Project Planner,40,1,0.0117%
2321,Spain,,21,1,0.0117%
2322,Spain,,42,1,0.0117%
2323,Spain,,19,1,0.0117%
2324,Spain,,25,1,0.0117%
2325,Spain,Database Security Administrator,59,1,0.0117%
2326,Spain,Data Warehousing Specialist,52,1,0.0117%
2327,Spain,,22,1,0.0117%
2328,Spain,,39,1,0.0117%
2329,Spain,,50,1,0.0117%
2330,Spain,Weight in Motion Field Data Collection Technician,35,1,0.0117%
2331,Spain,,14,1,0.0117%
2332,Spain,Database Administration Manager,53,1,0.0117%
2333,Spain,Micro Computer Data Processor,44,1,0.0117%
2334,Spain,,24,1,0.0117%
2335,Spain,,43,1,0.0117%
2336,Spain,,18,1,0.0117%
2337,Spain,Database Security Expert,57,1,0.0117%
2338,Spain,Data Reduction Technician,55,1,0.0117%
2339,Spain,,42,1,0.0117%
2340,Spain,Data Management Information Technology Specialist,63,1,0.0117%
2341,Spain,Data Input Clerk,23,1,0.0117%
2342,Spain,,43,1,0.0117%
2343,Spain,Database Software Technician,62,1,0.0117%
2344,Spain,Database Development and Administration Project Manager,45,1,0.0117%
2345,Spain,,21,1,0.0117%
2346,Spain,,44,1,0.0117%
2347,Spain,Database Management System Specialist (DBMS Specialist),58,1,0.0117%
2348,Spain,Data Warehousing Engineer,33,1,0.0117%
2349,Spain,Data Warehouse Specialist,52,1,0.0117%
2350,Spain,Data Warehousing Manager,20,1,0.0117%
2351,Spain,,25,1,0.0117%
2352,Spain,Geographic Information Systems Data Specialist (GIS Data Specialist),33,1,0.0117%
2353,Spain,,46,1,0.0117%
2354,Spain,,49,1,0.0117%
2355,Spain,,29,1,0.0117%
2356,Spain,,30,1,0.0117%
2357,Spain,Database Management System Specialist (DBMS Specialist),28,1,0.0117%
2358,Spain,Data Communications Software Consultant,57,1,0.0117%
2359,Spain,Data Sciences Director,46,1,0.0117%
2360,Spain,Database Administration Associate,61,1,0.0117%
2361,Spain,Data Entry Machine Operator,45,1,0.0117%
2362,Spain,,41,1,0.0117%
2363,Spain,,32,1,0.0117%
2364,Spain,,53,1,0.0117%
2365,Spain,Data Systems Manager,57,1,0.0117%
2366,Spain,,18,1,0.0117%
2367,Spain,Geographic Information Systems Data Administrator (GIS Data Administrator),26,1,0.0117%
2368,Spain,Geographic Information Systems Database Administrator (GIS Database Administrator),50,1,0.0117%
2369,Spain,Internet Database Specialist,48,1,0.0117%
2370,Spain,,57,1,0.0117%
2371,Spain,,21,1,0.0117%
2372,Spain,,44,1,0.0117%
2373,Spain,,53,1,0.0117%
2374,Spain,,44,1,0.0117%
2375,Spain,,44,1,0.0117%
2376,Spain,Data Warehouse Specialist,40,1,0.0117%
2377,Spain,SQL Database Administrator,48,1,0.0117%
2378,Spain,,44,1,0.0117%
2379,Spain,Data Communications Software Consultant,33,1,0.0117%
2380,Spain,Director of Data Operations,35,1,0.0117%
2381,Spain,,44,1,0.0117%
2382,Spain,Database Management System Specialist (DBMS Specialist),52,1,0.0117%
2383,Spain,,43,1,0.0117%
2384,Spain,Automatic Data Processing Planner,34,1,0.0117%
2385,Spain,,36,1,0.0117%
2386,Spain,,19,1,0.0117%
2387,Spain,Clinical Data Associate,41,1,0.0117%
2388,Spain,,49,1,0.0117%
2389,Spain,,61,1,0.0117%
2390,Spain,Database Coordinator,39,1,0.0117%
2391,Spain,Database Management System Specialist (DBMS Specialist),42,1,0.0117%
2392,Spain,Database Architect,42,1,0.0117%
2393,Spain,,45,1,0.0117%
2394,Spain,Database Marketing Analyst,37,1,0.0117%
2395,Spain,,47,1,0.0117%
2396,Spain,Database Manager,40,1,0.0117%
2397,Spain,,40,1,0.0117%
2398,Spain,Automatic Data Processing Planner (ADP Planner),59,1,0.0117%
2399,Spain,Head of Information Systems and Data Processing,41,1,0.0117%
2400,Spain,Data Security Analyst,48,1,0.0117%
2401,Spain,Database Engineer,32,1,0.0117%
2402,Spain,Data Officer,43,1,0.0117%
2403,Spain,,35,1,0.0117%
2404,Spain,,55,1,0.0117%
2405,Spain,Geographic Information Systems Data Manager (GIS Data Manager),30,1,0.0117%
2406,Spain,,53,1,0.0117%
2407,Spain,Data Architect,45,1,0.0117%
2408,Spain,Database Designer,40,1,0.0117%
2409,Spain,Database Administration Associate,23,1,0.0117%
2410,Spain,Electronic Data Interchange System Developer (EDI System Developer),24,1,0.0117%
2411,Spain,Automatic Data Processing Customer Liaison (ADP Customer Liaison),50,1,0.0117%
2412,Spain,,46,1,0.0117%
2413,Spain,,40,1,0.0117%
2414,Spain,Head of Information Systems and Data Processing,29,1,0.0117%
2415,Spain,Head of Information Systems and Data Processing,25,1,0.0117%
2416,Spain,,35,1,0.0117%
2417,Spain,,35,1,0.0117%
2418,Spain,Data Systems Manager,41,1,0.0117%
2419,Spain,,50,1,0.0117%
2420,Spain,Database Administration Manager,30,1,0.0117%
2421,Spain,,35,1,0.0117%
2422,Spain,Database Engineer,33,1,0.0117%
2423,Spain,,41,1,0.0117%
2424,Spain,,39,1,0.0117%
2425,Spain,Data Transcriber,41,1,0.0117%
2426,Spain,Database Architect,56,1,0.0117%
2427,Spain,Data Warehouse Specialist,50,1,0.0117%
2428,Spain,Geographic Information Systems Data Administrator (GIS Data Administrator),46,1,0.0117%
2429,Spain,,49,1,0.0117%
2430,Spain,Field Artillery Automated Tactical Data System Specialist,34,1,0.0117%
2431,Spain,Database Software Technician,38,1,0.0117%
2432,Spain,,43,1,0.0117%
2433,Spain,Database Tester,49,1,0.0117%
2434,Spain,Data Coordinator,60,1,0.0117%
2435,Spain,,19,1,0.0117%
2436,Spain,Data Processing Clerk,40,1,0.0117%
2437,Spain,Database Coordinator,45,1,0.0117%
2438,Spain,,19,1,0.0117%
2439,Spain,Automatic Data Processing Planner,25,1,0.0117%
2440,Spain,Head of Information Systems and Data Processing,40,1,0.0117%
2441,Spain,,32,1,0.0117%
2442,Spain,Computer or Data Processing Systems Consultant,51,1,0.0117%
2443,Spain,Data Scientist,40,1,0.0117%
2444,Spain,,37,1,0.0117%
2445,Spain,Data Processing Systems Project Planner,36,1,0.0117%
2446,Spain,,40,1,0.0117%
2447,Spain,Data Management Information Technology Specialist,37,1,0.0117%
2448,Spain,Database Management System Specialist (DBMS Specialist),38,1,0.0117%
2449,Spain,,37,1,0.0117%
2450,Spain,Database Security Administrator,55,1,0.0117%
2451,Spain,Reference Data Expert,45,1,0.0117%
2452,Spain,,25,1,0.0117%
2453,Spain,,18,1,0.0117%
2454,Spain,,51,1,0.0117%
2455,Spain,Data Communications Software Consultant,35,1,0.0117%
2456,Spain,,50,1,0.0117%
2457,Spain,Data Security Analyst,48,1,0.0117%
2458,Spain,Automatic Data Processing Planner (ADP Planner),44,1,0.0117%
2459,Spain,Database Specialist,42,1,0.0117%
2460,Spain,Flight Data Technician,36,1,0.0117%
2461,Spain,SCADA Operator (Supervisory Control and Data Acquisition Operator),21,1,0.0117%
2462,Spain,,23,1,0.0117%
2463,Spain,Database Development and Administration Project Manager,40,1,0.0117%
2464,Spain,,50,1,0.0117%
2465,Spain,,15,1,0.0117%
2466,Spain,,21,1,0.0117%
2467,Spain,,43,1,0.0117%
2468,Spain,,52,1,0.0117%
2469,Spain,,35,1,0.0117%
2470,Spain,Data Base Design Analyst,25,1,0.0117%
2471,Spain,Data Scientist,35,1,0.0117%
2472,Spain,,44,1,0.0117%
2473,Spain,Geographic Information Systems Database Administrator (GIS Database Administrator),41,1,0.0117%
2474,Spain,,41,1,0.0117%
2475,Spain,,34,1,0.0117%
2476,Spain,,53,1,0.0117%
2477,Spain,Data Processing Manager,46,1,0.0117%
2478,Spain,,51,1,0.0117%
2479,Spain,,42,1,0.0117%
2480,Spain,,26,1,0.0117%
2481,Spain,,18,1,0.0117%
2482,Spain,,29,1,0.0117%
2483,Spain,Naval Tactical Data System--Combat Information Center Officer,42,1,0.0117%
2484,Spain,,23,1,0.0117%
2485,Spain,Data Processing Supervisor,59,1,0.0117%
2486,Spain,,45,1,0.0117%
2487,Spain,Naval Tactical Data System--Combat Information Center Officer,40,1,0.0117%
2488,Spain,,59,1,0.0117%
2489,Spain,Director of Data Operations,41,1,0.0117%
2490,Spain,,40,1,0.0117%
2491,Spain,,25,1,0.0117%
2492,Spain,Data Warehouse Specialist,23,1,0.0117%
2493,Spain,,24,1,0.0117%
2494,Spain,Database Administration Manager,43,1,0.0117%
2495,Spain,Database Engineer,36,1,0.0117%
2496,Spain,,23,1,0.0117%
2497,Spain,Database Design Analyst,44,1,0.0117%
2498,Spain,,43,1,0.0117%
2499,Spain,Data Management Associate,53,1,0.0117%
2500,Spain,,45,1,0.0117%
2501,Spain,Field Traffic Data Technician,29,1,0.0117%
2502,Spain,,36,1,0.0117%
2503,Spain,Data Modeling Specialist,47,1,0.0117%
2504,Spain,Electronic Data Processing Auditor (EDP Auditor),60,1,0.0117%
2505,Spain,,23,1,0.0117%
2506,Spain,"Operations Officer, Afloat (Naval Tactical Data Systems)",40,1,0.0117%
2507,Spain,Geographic Information Systems Database Administrator (GIS Database Administrator),42,1,0.0117%
2508,Spain,,39,1,0.0117%
2509,Spain,,42,1,0.0117%
2510,Spain,Data Warehouse Analyst,41,1,0.0117%
2511,Spain,,51,1,0.0117%
2512,Spain,Database Administration Associate,31,1,0.0117%
2513,Spain,Data Coordinator,42,1,0.0117%
2514,Spain,,19,1,0.0117%
2515,Spain,,19,1,0.0117%
2516,Spain,Database Administration Associate,19,1,0.0117%
2517,Spain,Database Administration Manager,31,1,0.0117%
2518,Spain,,47,1,0.0117%
2519,Spain,Data Security Analyst,24,1,0.0117%
2520,Spain,Database Designer,46,1,0.0117%
2521,Spain,,41,1,0.0117%
2522,Spain,Geographic Information Systems Data Manager (GIS Data Manager),34,1,0.0117%
2523,Spain,,20,1,0.0117%
2524,Spain,Head of Information Systems and Data Processing,41,1,0.0117%
2525,Spain,Database Development and Administration Project Manager,39,1,0.0117%
2526,Spain,Data Processing Auxiliary Equipment Operator,44,1,0.0117%
2527,Spain,,34,1,0.0117%
2528,Spain,Database Management System Specialist (DBMS Specialist),39,1,0.0117%
2529,Spain,Database Software Technician,25,1,0.0117%
2530,Spain,,17,1,0.0117%
2531,Spain,Geographic Information Systems Data Manager (GIS Data Manager),28,1,0.0117%
2532,Spain,Database Security Expert,36,1,0.0117%
2533,Spain,"Engineer, System Electronic Data Processing (Engineer, System EDP)",25,1,0.0117%
2534,Spain,,46,1,0.0117%
2535,Spain,Database Architect,54,1,0.0117%
2536,Spain,,27,1,0.0117%
2537,Spain,Database Manager,43,1,0.0117%
2538,Spain,,39,1,0.0117%
2539,Spain,Data Processing Systems Analyst,24,1,0.0117%
2540,Spain,Database Manager,50,1,0.0117%
2541,Spain,Micro Computer Data Processor,52,1,0.0117%
2542,Spain,Data Management Information Technology Specialist,50,1,0.0117%
2543,Spain,,19,1,0.0117%
2544,Spain,Database Development and Administration Project Manager,38,1,0.0117%
2545,Spain,Database Tester,30,1,0.0117%
2546,Spain,Database Development and Administration Project Manager,40,1,0.0117%
2547,Spain,Data Recovery Planner,50,1,0.0117%
2548,Spain,Database Management System Specialist (DBMS Specialist),40,1,0.0117%
2549,Spain,,43,1,0.0117%
2550,Spain,Data Compiler,41,1,0.0117%
2551,Spain,Database Manager,40,1,0.0117%
2552,Spain,,18,1,0.0117%
2553,Spain,,57,1,0.0117%
2554,Spain,Geographic Information Systems Database Administrator (GIS Database Administrator),42,1,0.0117%
2555,Spain,Database Coordinator,26,1,0.0117%
2556,Spain,Business Database Analyst,61,1,0.0117%
2557,Spain,Field Artillery Automated Tactical Data System Specialist,41,1,0.0117%
2558,Spain,Clinical Data Abstractor,51,1,0.0117%
2559,Spain,Data Warehousing Manager,35,1,0.0117%
2560,Spain,Data Processing Manager,42,1,0.0117%
2561,Spain,,57,1,0.0117%
2562,Spain,Data Operations Director,42,1,0.0117%
2563,Spain,Data Security Analyst,49,1,0.0117%
2564,Spain,Data Storage Specialist,40,1,0.0117%
2565,Spain,,40,1,0.0117%
2566,Spain,,26,1,0.0117%
2567,Spain,Database Designer,42,1,0.0117%
2568,Spain,,40,1,0.0117%
2569,Spain,"Engineer, System Electronic Data Processing (Engineer, System EDP)",45,1,0.0117%
2570,Spain,Database Security Administrator,42,1,0.0117%
2571,Spain,,41,1,0.0117%
2572,Spain,Director of Data Operations,50,1,0.0117%
2573,Spain,,49,1,0.0117%
2574,Spain,Database Coordinator,41,1,0.0117%
2575,Spain,,51,1,0.0117%
2576,Spain,Data Communications Software Consultant,54,1,0.0117%
2577,Spain,,46,1,0.0117%
2578,Spain,,16,1,0.0117%
2579,Spain,,31,1,0.0117%
2580,Spain,,32,1,0.0117%
2581,Spain,,47,1,0.0117%
2582,Spain,Data Warehouse Developer,38,1,0.0117%
2583,Spain,,34,1,0.0117%
2584,Spain,,36,1,0.0117%
2585,Spain,Database Manager,53,1,0.0117%
2586,Spain,,51,1,0.0117%
2587,Spain,,25,1,0.0117%
2588,Spain,Datastage Developer,30,1,0.0117%
2589,Spain,,46,1,0.0117%
2590,Spain,,50,1,0.0117%
2591,Spain,"Engineer, System Electronic Data Processing (Engineer, System EDP)",19,1,0.0117%
2592,Spain,,44,1,0.0117%
2593,Spain,Automatic Data Processing Systems Security Specialist (ADP Systems Security),48,1,0.0117%
2594,Spain,Data Management Associate,50,1,0.0117%
2595,Spain,,63,1,0.0117%
2596,Spain,Data Analyst,37,1,0.0117%
2597,Spain,,22,1,0.0117%
2598,Spain,Data Processing Clerk,45,1,0.0117%
2599,Spain,Automatic Data Processing Planner (ADP Planner),51,1,0.0117%
2600,Spain,,53,1,0.0117%
2601,Spain,,28,1,0.0117%
2602,Spain,Flight Test Data Acquisition Technician,21,1,0.0117%
2603,Spain,,38,1,0.0117%
2604,Spain,Data Scientist,27,1,0.0117%
2605,Spain,Data Architect,52,1,0.0117%
2606,Spain,,46,1,0.0117%
2607,Spain,,29,1,0.0117%
2608,Spain,Data Sciences Director,41,1,0.0117%
2609,Spain,Database Design Analyst,28,1,0.0117%
2610,Spain,Data Administrator,35,1,0.0117%
2611,Spain,,20,1,0.0117%
2612,Spain,,41,1,0.0117%
2613,Spain,,41,1,0.0117%
2614,Spain,,32,1,0.0117%
2615,Spain,Database Architect,31,1,0.0117%
2616,Spain,Electronic Data Interchange System Developer (EDI System Developer),38,1,0.0117%
2617,Spain,,16,1,0.0117%
2618,Spain,Database Coordinator,32,1,0.0117%
2619,Spain,Data Technician,42,1,0.0117%
2620,Spain,,19,1,0.0117%
2621,Spain,,63,1,0.0117%
2622,Spain,,39,1,0.0117%
2623,Spain,,56,1,0.0117%
2624,Spain,,55,1,0.0117%
2625,Spain,Automatic Data Processing Planner (ADP Planner),59,1,0.0117%
2626,Spain,,20,1,0.0117%
2627,Spain,,50,1,0.0117%
2628,Spain,Data Coordinator,45,1,0.0117%
2629,Spain,Database Engineer,46,1,0.0117%
2630,Spain,,45,1,0.0117%
2631,Spain,Data Entry Operator,29,1,0.0117%
2632,Spain,,24,1,0.0117%
2633,Spain,,26,1,0.0117%
2634,Spain,Data Management Associate,45,1,0.0117%
2635,Spain,Database Coordinator,52,1,0.0117%
2636,Spain,Electronic Data Processing Auditor (EDP Auditor),40,1,0.0117%
2637,Spain,LiDAR Data Analyst,42,1,0.0117%
2638,Spain,,19,1,0.0117%
2639,Spain,Database Software Technician,26,1,0.0117%
2640,Spain,Data Reduction Technician,38,1,0.0117%
2641,Spain,,25,1,0.0117%
2642,Spain,Geographic Information Systems Database Administrator (GIS Database Administrator),43,1,0.0117%
2643,Spain,Data Communications Software Consultant,43,1,0.0117%
2644,Spain,,17,1,0.0117%
2645,Spain,,47,1,0.0117%
2646,Spain,Data Architect,26,1,0.0117%
2647,Spain,,28,1,0.0117%
2648,Spain,,29,1,0.0117%
2649,Spain,,29,1,0.0117%
2650,Spain,Database Architect,40,1,0.0117%
2651,Spain,,46,1,0.0117%
2652,Spain,,48,1,0.0117%
2653,Spain,,28,1,0.0117%
2654,Spain,Data Warehouse Architect,41,1,0.0117%
2655,Spain,,15,1,0.0117%
2656,Spain,Data Warehouse Analyst,35,1,0.0117%
2657,Spain,,19,1,0.0117%
2658,Spain,Data Recovery Planner,30,1,0.0117%
2659,Spain,,30,1,0.0117%
2660,Spain,Data Systems Manager,40,1,0.0117%
2661,Spain,,46,1,0.0117%
2662,Spain,,20,1,0.0117%
2663,Spain,,43,1,0.0117%
2664,Spain,Data Transcriber,48,1,0.0117%
2665,Spain,Automatic Data Processing Systems Security Specialist (ADP Systems Security),48,1,0.0117%
2666,Spain,,46,1,0.0117%
2667,Spain,,49,1,0.0117%
2668,Spain,,28,1,0.0117%
2669,Spain,,15,1,0.0117%
2670,Spain,,42,1,0.0117%
2671,Spain,Automatic Data Processing Customer Liaison (ADP Customer Liaison),43,1,0.0117%
2672,Spain,,57,1,0.0117%
2673,Spain,Data Processing Systems Project Planner,45,1,0.0117%
2674,Spain,,18,1,0.0117%
2675,Spain,,25,1,0.0117%
2676,Spain,Data Processing Systems Analyst,45,1,0.0117%
2677,Spain,Data Processing Manager,53,1,0.0117%
2678,Spain,Data Administrator,44,1,0.0117%
2679,Spain,Data Management Associate,39,1,0.0117%
2680,Spain,,35,1,0.0117%
2681,Spain,Automatic Data Processing Systems Security Specialist (ADP Systems Security),58,1,0.0117%
2682,Spain,Data Processing Auxiliary Equipment Operator,26,1,0.0117%
2683,Spain,,17,1,0.0117%
2684,Spain,,41,1,0.0117%
2685,Spain,,33,1,0.0117%
2686,Spain,,40,1,0.0117%
2687,Spain,Voice and Data Technician,24,1,0.0117%
2688,Spain,,36,1,0.0117%
2689,Spain,,27,1,0.0117%
2690,Spain,,24,1,0.0117%
2691,Spain,,27,1,0.0117%
2692,Spain,Data Security Analyst,51,1,0.0117%
2693,Spain,Database Coordinator,49,1,0.0117%
2694,Spain,Data Systems Manager,43,1,0.0117%
2695,Spain,Data Officer,32,1,0.0117%
2696,Spain,Data Warehousing Engineer,25,1,0.0117%
2697,Spain,Database Security Expert,55,1,0.0117%
2698,Spain,,24,1,0.0117%
2699,Spain,Data Security Analyst,45,1,0.0117%
2700,Spain,Clinical Data Manager,59,1,0.0117%
2701,Spain,Clinical Data Manager,46,1,0.0117%
2702,Spain,Data Security Administrator,48,1,0.0117%
2703,Spain,Database Coordinator,31,1,0.0117%
2704,Spain,,14,1,0.0117%
2705,Spain,Database Development and Administration Project Manager,32,1,0.0117%
2706,Spain,,32,1,0.0117%
2707,Spain,,49,1,0.0117%
2708,Spain,,41,1,0.0117%
2709,Spain,Marketing Database Analyst,30,1,0.0117%
2710,Spain,,49,1,0.0117%
2711,Spain,Database Security Administrator,36,1,0.0117%
2712,Spain,,44,1,0.0117%
2713,Spain,Geographic Information Systems Data Administrator (GIS Data Administrator),55,1,0.0117%
2714,Spain,Data Warehouse Architect,43,1,0.0117%
2715,Spain,,42,1,0.0117%
2716,Spain,,20,1,0.0117%
2717,Spain,,54,1,0.0117%
2718,Spain,,52,1,0.0117%
2719,Spain,,46,1,0.0117%
2720,Spain,Data Warehouse Analyst,36,1,0.0117%
2721,Spain,Data Miner,42,1,0.0117%
2722,Spain,Data Security Administrator,65,1,0.0117%
2723,Spain,,65,1,0.0117%
2724,Spain,Data Warehouse Specialist,35,1,0.0117%
2725,Spain,Data Security Administrator,49,1,0.0117%
2726,Spain,,44,1,0.0117%
2727,Spain,Weight in Motion Field Data Collection Technician,30,1,0.0117%
2728,Spain,,51,1,0.0117%
2729,Spain,Electronic Data Processing Auditor (EDP Auditor),35,1,0.0117%
2730,Spain,,16,1,0.0117%
2731,Spain,Data Communications Analyst,41,1,0.0117%
2732,Spain,,35,1,0.0117%
2733,Spain,,28,1,0.0117%
2734,Spain,,18,1,0.0117%
2735,Spain,Oracle Database Administrator (Oracle DBA),37,1,0.0117%
2736,Spain,Databases Computer Consultant,42,1,0.0117%
2737,Spain,,20,1,0.0117%
2738,Spain,Data Security Administrator,50,1,0.0117%
2739,Spain,,60,1,0.0117%
2740,Spain,Data Base Design Analyst,37,1,0.0117%
2741,Spain,,46,1,0.0117%
2742,Spain,Automatic Data Processing Systems Security Specialist (ADP Systems Security),55,1,0.0117%
2743,Spain,Automatic Data Processing Systems Security Specialist (ADP Systems Security),50,1,0.0117%
2744,Spain,Data Processing Systems Analyst,45,1,0.0117%
2745,Spain,Data Entry Supervisor,51,1,0.0117%
2746,Spain,,24,1,0.0117%
2747,Spain,,39,1,0.0117%
2748,Spain,,35,1,0.0117%
2749,Spain,Database Administration Manager,17,1,0.0117%
2750,Spain,,48,1,0.0117%
2751,Spain,Data Processing Auditor,23,1,0.0117%
2752,Spain,Database Specialist,30,1,0.0117%
2753,Spain,,26,1,0.0117%
2754,Spain,Automatic Data Processing Planner (ADP Planner),53,1,0.0117%
2755,Spain,,43,1,0.0117%
2756,Spain,Data Processing Consultant,31,1,0.0117%
2757,Spain,Data Management Associate,42,1,0.0117%
2758,Spain,Data Communications Analyst,50,1,0.0117%
2759,Spain,,15,1,0.0117%
2760,Spain,,23,1,0.0117%
2761,Spain,,53,1,0.0117%
2762,Spain,Data Coordinator,25,1,0.0117%
2763,Spain,Data Modeling Specialist,40,1,0.0117%
2764,Spain,Database Specialist,38,1,0.0117%
2765,Spain,Database Software Technician,43,1,0.0117%
2766,Spain,,33,1,0.0117%
2767,Spain,Data Communications Analyst,40,1,0.0117%
2768,Spain,,35,1,0.0117%
2769,Spain,Flight Test Data Acquisition Technician,20,1,0.0117%
2770,Spain,Micro Computer Data Processor,59,1,0.0117%
2771,Spain,Data Security Analyst,31,1,0.0117%
2772,Spain,Automatic Data Processing Planner (ADP Planner),48,1,0.0117%
2773,Spain,,51,1,0.0117%
2774,Spain,,39,1,0.0117%
2775,Spain,Maintenance Data Analyst,40,1,0.0117%
2776,Spain,,40,1,0.0117%
2777,Spain,Automatic Data Processing Planner (ADP Planner),44,1,0.0117%
2778,Spain,Databases Computer Consultant,36,1,0.0117%
2779,Spain,,28,1,0.0117%
2780,Spain,Data Security Administrator,51,1,0.0117%
2781,Spain,Data Processing Systems Project Planner,43,1,0.0117%
2782,Spain,Database Marketing Analyst,34,1,0.0117%
2783,Spain,Data Architect,45,1,0.0117%
2784,Spain,Data Communications Software Consultant,39,1,0.0117%
2785,Spain,Data Systems Manager,40,1,0.0117%
2786,Spain,"Engineer, System Electronic Data Processing (Engineer, System EDP)",39,1,0.0117%
2787,Spain,Data Systems Manager,49,1,0.0117%
2788,Spain,Data Processing Manager,27,1,0.0117%
2789,Spain,Automatic Data Processing Planner,33,1,0.0117%
2790,Spain,Data Processing Systems Analyst,52,1,0.0117%
2791,Spain,Computer or Data Processing Systems Consultant,40,1,0.0117%
2792,Spain,,44,1,0.0117%
2793,Spain,Data Operations Director,59,1,0.0117%
2794,Spain,Data Processing Manager,41,1,0.0117%
2795,Spain,,40,1,0.0117%
2796,Spain,Electronic Data Processing Auditor (EDP Auditor),28,1,0.0117%
2797,Spain,Data Warehousing Specialist,52,1,0.0117%
2798,Spain,Business Database Analyst,27,1,0.0117%
2799,Spain,Database Development Project Manager,39,1,0.0117%
2800,Spain,Data Reduction Technician,33,1,0.0117%
2801,Spain,,41,1,0.0117%
2802,Spain,Database Security Expert,42,1,0.0117%
2803,Spain,,22,1,0.0117%
2804,Spain,Automatic Data Processing Customer Liaison (ADP Customer Liaison),18,1,0.0117%
2805,Spain,,55,1,0.0117%
2806,Spain,Data Coordinator,28,1,0.0117%
2807,Spain,,19,1,0.0117%
2808,Spain,Databases Computer Consultant,30,1,0.0117%
2809,Spain,Data Warehouse Architect,45,1,0.0117%
2810,Spain,,59,1,0.0117%
2811,Spain,,41,1,0.0117%
2812,Spain,Data Warehouse Analyst,32,1,0.0117%
2813,Spain,Database Tester,40,1,0.0117%
2814,Spain,Data Security Administrator,29,1,0.0117%
2815,Spain,Data Processing Systems Project Planner,32,1,0.0117%
2816,Spain,Database Management System Specialist (DBMS Specialist),47,1,0.0117%
2817,Spain,Clinical Data Associate,34,1,0.0117%
2818,Spain,,40,1,0.0117%
2819,Spain,,50,1,0.0117%
2820,Spain,,27,1,0.0117%
2821,Spain,Data Warehouse Architect,41,1,0.0117%
2822,Spain,Database Administration Project Manager,41,1,0.0117%
2823,Spain,,26,1,0.0117%
2824,Spain,,26,1,0.0117%
2825,Spain,Data Reviewer,36,1,0.0117%
2826,Spain,Database Administration Manager,50,1,0.0117%
2827,Spain,Geographic Information Systems Data Administrator (GIS Data Administrator),37,1,0.0117%
2828,Spain,,44,1,0.0117%
2829,Spain,,59,1,0.0117%
2830,Spain,,52,1,0.0117%
2831,Spain,,20,1,0.0117%
2832,Spain,,22,1,0.0117%
2833,Spain,Geographic Information Systems Data Administrator (GIS Data Administrator),22,1,0.0117%
2834,Spain,SQL Database Administrator,48,1,0.0117%
2835,Spain,Data Typist,42,1,0.0117%
2836,Spain,,49,1,0.0117%
2837,Spain,Data Processing Systems Analyst,39,1,0.0117%
2838,Spain,Geographic Information Systems Data Administrator (GIS Data Administrator),41,1,0.0117%
2839,Spain,,21,1,0.0117%
2840,Spain,Data Warehouse Developer,42,1,0.0117%
2841,Spain,,44,1,0.0117%
2842,Spain,,23,1,0.0117%
2843,Spain,,43,1,0.0117%
2844,Spain,Database Design Analyst,29,1,0.0117%
2845,Spain,Health Data Analyst,49,1,0.0117%
2846,Spain,,38,1,0.0117%
2847,Spain,SQL Database Administrator,61,1,0.0117%
2848,Spain,,33,1,0.0117%
2849,Spain,Database Engineer,32,1,0.0117%
2850,Spain,Data Modeling Specialist,20,1,0.0117%
2851,Spain,,50,1,0.0117%
2852,Spain,,25,1,0.0117%
2853,Spain,Database Security Expert,41,1,0.0117%
2854,Spain,,40,1,0.0117%
2855,Spain,,54,1,0.0117%
2856,Spain,,27,1,0.0117%
2857,Spain,,33,1,0.0117%
2858,Spain,Data Technician,42,1,0.0117%
2859,Spain,Data Processing Systems Project Planner,52,1,0.0117%
2860,Spain,Database Administration Manager,40,1,0.0117%
2861,Spain,,27,1,0.0117%
2862,Spain,Database Administration Project Manager,39,1,0.0117%
2863,Spain,Data Processing Manager,40,1,0.0117%
2864,Spain,,41,1,0.0117%
2865,Spain,Data Storage Specialist,34,1,0.0117%
2866,Spain,Computer or Data Processing Systems Consultant,40,1,0.0117%
2867,Spain,Health Data Analyst,40,1,0.0117%
2868,Spain,Oracle Database Administrator (Oracle DBA),28,1,0.0117%
2869,Spain,Data Management Information Technology Specialist,40,1,0.0117%
2870,Spain,Clinical Data Management Manager (CDM Manager),34,1,0.0117%
2871,Spain,,19,1,0.0117%
2872,Spain,Data Processing Systems Project Planner,56,1,0.0117%
2873,Spain,Data Warehousing Engineer,48,1,0.0117%
2874,Spain,,44,1,0.0117%
2875,Spain,Database Marketing Analyst,29,1,0.0117%
2876,Spain,Computer or Data Processing Systems Consultant,35,1,0.0117%
2877,Spain,Data Control Clerk Supervisor,41,1,0.0117%
2878,Spain,Data Processing Mechanic,61,1,0.0117%
2879,Spain,,40,1,0.0117%
2880,Spain,Clinical Data Specialist,39,1,0.0117%
2881,Spain,Database Specialist,55,1,0.0117%
2882,Spain,,43,1,0.0117%
2883,Spain,,19,1,0.0117%
2884,Spain,,51,1,0.0117%
2885,Spain,Automatic Data Processing Planner (ADP Planner),25,1,0.0117%
2886,Spain,Databases Software Consultant,57,1,0.0117%
2887,Spain,Computer or Data Processing Systems Consultant,44,1,0.0117%
2888,Spain,,43,1,0.0117%
2889,Spain,,18,1,0.0117%
2890,Spain,Data Warehouse Analyst,41,1,0.0117%
2891,Spain,,54,1,0.0117%
2892,Spain,Data Processing Systems Analyst,32,1,0.0117%
2893,Spain,Data Warehouse Architect,45,1,0.0117%
2894,Spain,Director of Data Operations,36,1,0.0117%
2895,Spain,,41,1,0.0117%
2896,Spain,,26,1,0.0117%
2897,Spain,,37,1,0.0117%
2898,Spain,Data Processing Systems Analyst,39,1,0.0117%
2899,Spain,Data Warehouse Specialist,30,1,0.0117%
2900,Spain,Database Developer,26,1,0.0117%
2901,Spain,Database Consultant,49,1,0.0117%
2902,Spain,Data Scientist,40,1,0.0117%
2903,Spain,Data Security Administrator,45,1,0.0117%
2904,Spain,,27,1,0.0117%
2905,Spain,Data Processing Systems Analyst,44,1,0.0117%
2906,Spain,Data Conversion Operator,54,1,0.0117%
2907,Spain,,29,1,0.0117%
2908,Spain,Data Processing Consultant,34,1,0.0117%
2909,Spain,Database Management System Specialist (DBMS Specialist),53,1,0.0117%
2910,Spain,,29,1,0.0117%
2911,Spain,Electronic Data Interchange System Developer (EDI System Developer),53,1,0.0117%
2912,Spain,,26,1,0.0117%
2913,Spain,Data Warehouse Analyst,29,1,0.0117%
2914,Spain,Geographic Information Systems Data Manager (GIS Data Manager),45,1,0.0117%
2915,Spain,Database Engineer,56,1,0.0117%
2916,Spain,,40,1,0.0117%
2917,Spain,Data Communications Technician,54,1,0.0117%
2918,Spain,Databases Computer Consultant,27,1,0.0117%
2919,Spain,Clinical Data Management Manager (CDM Manager),41,1,0.0117%
2920,Spain,,48,1,0.0117%
2921,Spain,Head of Information Systems and Data Processing,59,1,0.0117%
2922,Spain,Electronic Data Interchange System Developer (EDI System Developer),37,1,0.0117%
2923,Spain,,19,1,0.0117%
2924,Spain,,57,1,0.0117%
2925,Spain,,18,1,0.0117%
2926,Spain,Data Base Design Analyst,33,1,0.0117%
2927,Spain,Data Processing Auditor,43,1,0.0117%
2928,Spain,,24,1,0.0117%
2929,Spain,,19,1,0.0117%
2930,Spain,Automatic Data Processing Planner (ADP Planner),40,1,0.0117%
2931,Spain,,48,1,0.0117%
2932,Spain,,40,1,0.0117%
2933,Spain,Scientific Database Curator,46,1,0.0117%
2934,Spain,Data Entry Specialist,58,1,0.0117%
2935,Spain,,60,1,0.0117%
2936,Spain,Data Warehouse Specialist,35,1,0.0117%
2937,Spain,Geographic Information Systems Data Specialist (GIS Data Specialist),45,1,0.0117%
2938,Spain,Data Architect,40,1,0.0117%
2939,Spain,,60,1,0.0117%
2940,Spain,Data Miner,48,1,0.0117%
2941,Spain,,50,1,0.0117%
2942,Spain,SQL Database Administrator,42,1,0.0117%
2943,Spain,,20,1,0.0117%
2944,Spain,Data Communications Technician,43,1,0.0117%
2945,Spain,Computer or Data Processing Systems Consultant,40,1,0.0117%
2946,Spain,,45,1,0.0117%
2947,Spain,Database Consultant,36,1,0.0117%
2948,Spain,,26,1,0.0117%
2949,Spain,,25,1,0.0117%
2950,Spain,Data Security Analyst,42,1,0.0117%
2951,Spain,,44,1,0.0117%
2952,Spain,,44,1,0.0117%
2953,Spain,Automatic Data Processing Planner (ADP Planner),49,1,0.0117%
2954,Spain,Automatic Data Processing Customer Liaison (ADP Customer Liaison),53,1,0.0117%
2955,Spain,,39,1,0.0117%
2956,Spain,Database Security Administrator,36,1,0.0117%
2957,Spain,Database Manager,48,1,0.0117%
2958,Spain,Data Operations Director,28,1,0.0117%
2959,Spain,Database Designer,56,1,0.0117%
2960,Spain,,50,1,0.0117%
2961,Spain,Database Software Technician,41,1,0.0117%
2962,Spain,,21,1,0.0117%
2963,Spain,Automatic Data Processing Planner,50,1,0.0117%
2964,Spain,Electronic Data Interchange System Developer (EDI System Developer),29,1,0.0117%
2965,Spain,Data Communications Software Consultant,33,1,0.0117%
2966,Spain,Data Miner,45,1,0.0117%
2967,Spain,Data Management Associate,40,1,0.0117%
2968,Spain,Data Modeling Specialist,51,1,0.0117%
2969,Spain,Data Entry Associate,43,1,0.0117%
2970,Spain,Director of Data Operations,30,1,0.0117%
2971,Spain,,17,1,0.0117%
2972,Spain,Head of Information Systems and Data Processing,50,1,0.0117%
2973,Spain,,24,1,0.0117%
2974,Spain,,41,1,0.0117%
2975,Spain,Data Miner,42,1,0.0117%
2976,Spain,,21,1,0.0117%
2977,Spain,Database Development and Administration Project Manager,45,1,0.0117%
2978,Spain,Flight Test Data Acquisition Technician,50,1,0.0117%
2979,Spain,Automatic Data Processing Customer Liaison (ADP Customer Liaison),39,1,0.0117%
2980,Spain,Data Modeling Specialist,38,1,0.0117%
2981,Spain,Automatic Data Processing Planner,45,1,0.0117%
2982,Spain,,50,1,0.0117%
2983,Spain,,19,1,0.0117%
2984,Spain,,41,1,0.0117%
2985,Spain,Data Coordinator,39,1,0.0117%
2986,Spain,Data Scientist,23,1,0.0117%
2987,Spain,Databases Software Consultant,36,1,0.0117%
2988,Spain,,39,1,0.0117%
2989,Spain,Data Processing Consultant,40,1,0.0117%
2990,Spain,,43,1,0.0117%
2991,Spain,Data Processing Equipment Repairer,45,1,0.0117%
2992,Spain,Data Warehouse Specialist,32,1,0.0117%
2993,Spain,Database Development and Administration Project Manager,25,1,0.0117%
2994,Spain,,61,1,0.0117%
2995,Spain,Electronic Data Interchange System Developer (EDI System Developer),39,1,0.0117%
2996,Spain,,18,1,0.0117%
2997,Spain,Data Processing Manager,42,1,0.0117%
2998,Spain,Database Development and Administration Project Manager,31,1,0.0117%
2999,Spain,Data Management Information Technology Specialist,51,1,0.0117%
3000,Spain,Data Processing Auditor,52,1,0.0117%
3001,Spain,,22,1,0.0117%
3002,Spain,,19,1,0.0117%
3003,Spain,Data Processing Systems Analyst,43,1,0.0117%
3004,Spain,,24,1,0.0117%
3005,Spain,,17,1,0.0117%
3006,Spain,,16,1,0.0117%
3007,Spain,Data Modeler,44,1,0.0117%
3008,Spain,,28,1,0.0117%
3009,Spain,,42,1,0.0117%
3010,Spain,Head of Information Systems and Data Processing,47,1,0.0117%
3011,Spain,Database Development and Administration Project Manager,19,1,0.0117%
3012,Spain,,41,1,0.0117%
3013,Spain,Data Storage Specialist,38,1,0.0117%
3014,Spain,,19,1,0.0117%
3015,Spain,Automatic Data Processing Systems Security Specialist (ADP Systems Security),39,1,0.0117%
3016,Spain,,23,1,0.0117%
3017,Spain,,21,1,0.0117%
3018,Spain,Database Technician,35,1,0.0117%
3019,Spain,Electronic Data Interchange System Developer (EDI System Developer),40,1,0.0117%
3020,Spain,,34,1,0.0117%
3021,Spain,Data Coordinator,39,1,0.0117%
3022,Spain,Geographic Information Systems Data Manager (GIS Data Manager),54,1,0.0117%
3023,Spain,,40,1,0.0117%
3024,Spain,,47,1,0.0117%
3025,Spain,,62,1,0.0117%
3026,Spain,Automatic Data Processing Customer Liaison (ADP Customer Liaison),33,1,0.0117%
3027,Spain,Database Engineer,34,1,0.0117%
3028,Spain,LiDAR Data Analyst,63,1,0.0117%
3029,Spain,,43,1,0.0117%
3030,Spain,Data Modeling Specialist,29,1,0.0117%
3031,Spain,,18,1,0.0117%
3032,Spain,Database Coordinator,34,1,0.0117%
3033,Spain,,27,1,0.0117%
3034,Spain,Data Security Administrator,52,1,0.0117%
3035,Spain,,45,1,0.0117%
3036,Spain,Oracle Database Administrator (Oracle DBA),61,1,0.0117%
3037,Spain,,42,1,0.0117%
3038,Spain,Databases Software Consultant,41,1,0.0117%
3039,Spain,Data Modeling Specialist,49,1,0.0117%
3040,Spain,Database Manager,32,1,0.0117%
3041,Spain,Data Management Associate,30,1,0.0117%
3042,Spain,Databases Software Consultant,29,1,0.0117%
3043,Spain,,46,1,0.0117%
3044,Spain,Database Manager,45,1,0.0117%
3045,Spain,,51,1,0.0117%
3046,Spain,Database Specialist,39,1,0.0117%
3047,Spain,Data Communications Software Consultant,51,1,0.0117%
3048,Spain,Data Architect,29,1,0.0117%
3049,Spain,Database Marketing Analyst,34,1,0.0117%
3050,Spain,,40,1,0.0117%
3051,Spain,Automatic Data Processing Systems Security Specialist (ADP Systems Security),27,1,0.0117%
3052,Spain,,25,1,0.0117%
3053,Spain,,35,1,0.0117%
3054,Spain,Data Entry Machine Operator,36,1,0.0117%
3055,Spain,Automatic Data Processing Customer Liaison (ADP Customer Liaison),50,1,0.0117%
3056,Spain,Data Sciences Director,34,1,0.0117%
3057,Spain,Weight in Motion Field Data Collection Technician,37,1,0.0117%
3058,Spain,Data Processing Equipment Repairer,26,1,0.0117%
3059,Spain,Data Warehouse Architect,44,1,0.0117%
3060,Spain,,15,1,0.0117%
3061,Spain,Database Security Administrator,33,1,0.0117%
3062,Spain,Data Warehouse Analyst,40,1,0.0117%
3063,Spain,Data Management Associate,42,1,0.0117%
3064,Spain,Oracle Database Administrator (Oracle DBA),34,1,0.0117%
3065,Spain,Automatic Data Processing Customer Liaison (ADP Customer Liaison),22,1,0.0117%
3066,Spain,Database Marketing Analyst,39,1,0.0117%
3067,Spain,,41,1,0.0117%
3068,Spain,Director of Data Operations,28,1,0.0117%
3069,Spain,,19,1,0.0117%
3070,Spain,,36,1,0.0117%
3071,Spain,Database Marketing Analyst,40,1,0.0117%
3072,Spain,,50,1,0.0117%
3073,Spain,Database Security Administrator,52,1,0.0117%
3074,Spain,Database Administration Manager,48,1,0.0117%
3075,Spain,Data Base Design Analyst,41,1,0.0117%
3076,Spain,,22,1,0.0117%
3077,Spain,Data Entry Machine Operator,40,1,0.0117%
3078,Spain,Data Warehousing Engineer,38,1,0.0117%
3079,Spain,Data Processing Supervisor,46,1,0.0117%
3080,Spain,,27,1,0.0117%
3081,Spain,,16,1,0.0117%
3082,Spain,,22,1,0.0117%
3083,Spain,,22,1,0.0117%
3084,Spain,Data Warehousing Manager,45,1,0.0117%
3085,Spain,,23,1,0.0117%
3086,Spain,Database Management System Specialist (DBMS Specialist),30,1,0.0117%
3087,Spain,,40,1,0.0117%
3088,Spain,Analytical Data Miner,22,1,0.0117%
3089,Spain,,48,1,0.0117%
3090,Spain,Naval Tactical Data System--Combat Information Center Officer,18,1,0.0117%
3091,Spain,Database Management System Specialist (DBMS Specialist),46,1,0.0117%
3092,Spain,Data Keyer,64,1,0.0117%
3093,Spain,Database Security Expert,39,1,0.0117%
3094,Spain,Data Systems Manager,39,1,0.0117%
3095,Spain,,35,1,0.0117%
3096,Spain,,22,1,0.0117%
3097,Spain,Data Reduction Technician,41,1,0.0117%
3098,Spain,Databases Computer Consultant,38,1,0.0117%
3099,Spain,Geographic Information Systems Data Manager (GIS Data Manager),38,1,0.0117%
3100,Spain,Data Systems Manager,46,1,0.0117%
3101,Spain,Database Security Expert,36,1,0.0117%
3102,Spain,Data Processing Systems Analyst,50,1,0.0117%
3103,Spain,,22,1,0.0117%
3104,Spain,,46,1,0.0117%
3105,Spain,Data Communications Analyst,39,1,0.0117%
3106,Spain,,22,1,0.0117%
3107,Spain,,17,1,0.0117%
3108,Spain,Data Warehouse Specialist,47,1,0.0117%
3109,Spain,Database Software Technician,35,1,0.0117%
3110,Spain,,37,1,0.0117%
3111,Spain,Database Coordinator,43,1,0.0117%
3112,Spain,Database Development and Administration Project Manager,38,1,0.0117%
3113,Spain,Data Processing Manager,40,1,0.0117%
3114,Spain,Geographic Information Systems Data Specialist (GIS Data Specialist),25,1,0.0117%
3115,Spain,Databases Software Consultant,64,1,0.0117%
3116,Spain,,21,1,0.0117%
3117,Spain,Medical Data Analyst,42,1,0.0117%
3118,Spain,Geographic Information Systems Data Specialist (GIS Data Specialist),41,1,0.0117%
3119,Spain,Database Coordinator,50,1,0.0117%
3120,Spain,Data Warehousing Specialist,41,1,0.0117%
3121,Spain,,57,1,0.0117%
3122,Spain,Computer or Data Processing Systems Consultant,39,1,0.0117%
3123,Spain,,41,1,0.0117%
3124,Spain,Data Processing Equipment Repairer,42,1,0.0117%
3125,Spain,Data Warehouse Architect,40,1,0.0117%
3126,Spain,,29,1,0.0117%
3127,Spain,Data Security Analyst,46,1,0.0117%
3128,Spain,Database Architect,45,1,0.0117%
3129,Spain,Automatic Data Processing Planner (ADP Planner),34,1,0.0117%
3130,Spain,Database Administration Associate,51,1,0.0117%
3131,Spain,Data Analysis Assistant,44,1,0.0117%
3132,Spain,,20,1,0.0117%
3133,Spain,,20,1,0.0117%
3134,Spain,Geographic Information Systems Data Manager (GIS Data Manager),40,1,0.0117%
3135,Spain,Data Modeling Specialist,43,1,0.0117%
3136,Spain,Data Coordinator,44,1,0.0117%
3137,Spain,Data Base Design Analyst,44,1,0.0117%
3138,Spain,,48,1,0.0117%
3139,Spain,Data Processing Consultant,48,1,0.0117%
3140,Spain,Oracle Database Administrator (Oracle DBA),59,1,0.0117%
3141,Spain,,36,1,0.0117%
3142,Spain,Database Administration Associate,40,1,0.0117%
3143,Spain,Data Processing Clerk,34,1,0.0117%
3144,Spain,,27,1,0.0117%
3145,Spain,Database Development Project Manager,34,1,0.0117%
3146,Spain,,16,1,0.0117%
3147,Spain,,47,1,0.0117%
3148,Spain,,27,1,0.0117%
3149,Spain,,49,1,0.0117%
3150,Spain,Data Warehouse Architect,60,1,0.0117%
3151,Spain,,23,1,0.0117%
3152,Spain,Data Processing Equipment Repairer,35,1,0.0117%
3153,Spain,Data Modeling Specialist,49,1,0.0117%
3154,Spain,Data Communications Software Consultant,30,1,0.0117%
3155,Spain,Data Compiler,35,1,0.0117%
3156,Spain,Data Examination Clerk,41,1,0.0117%
3157,Spain,,41,1,0.0117%
3158,Spain,,25,1,0.0117%
3159,Spain,Geographic Information Systems Database Administrator (GIS Database Administrator),53,1,0.0117%
3160,Spain,Database Software Technician,39,1,0.0117%
3161,Spain,Electronic Data Interchange System Developer (EDI System Developer),44,1,0.0117%
3162,Spain,Oracle Database Administrator (Oracle DBA),43,1,0.0117%
3163,Spain,Data Systems Manager,33,1,0.0117%
3164,Spain,,55,1,0.0117%
3165,Spain,,47,1,0.0117%
3166,Spain,Automatic Data Processing Planner,54,1,0.0117%
3167,Spain,,20,1,0.0117%
3168,Spain,,27,1,0.0117%
3169,Spain,,20,1,0.0117%
3170,Spain,Oracle Database Administrator (Oracle DBA),42,1,0.0117%
3171,Spain,,49,1,0.0117%
3172,Spain,Data Coordinator,49,1,0.0117%
3173,Spain,,34,1,0.0117%
3174,Spain,Geographic Information Systems Data Manager (GIS Data Manager),44,1,0.0117%
3175,Spain,Geographic Information Systems Data Specialist (GIS Data Specialist),49,1,0.0117%
3176,Spain,Data Systems Manager,29,1,0.0117%
3177,Spain,Computer or Data Processing Systems Consultant,36,1,0.0117%
3178,Spain,,29,1,0.0117%
3179,Spain,Data Security Administrator,31,1,0.0117%
3180,Spain,,31,1,0.0117%
3181,Spain,Data Warehousing Manager,46,1,0.0117%
3182,Spain,,41,1,0.0117%
3183,Spain,Geographic Information Systems Database Administrator (GIS Database Administrator),48,1,0.0117%
3184,Spain,Data Warehousing Engineer,39,1,0.0117%
3185,Spain,,55,1,0.0117%
3186,Spain,Database Management System Specialist (DBMS Specialist),43,1,0.0117%
3187,Spain,Data Security Administrator,24,1,0.0117%
3188,Spain,Data Storage Specialist,47,1,0.0117%
3189,Spain,,22,1,0.0117%
3190,Spain,Data Sciences Director,42,1,0.0117%
3191,Spain,Geographic Information Systems Data Administrator (GIS Data Administrator),35,1,0.0117%
3192,Spain,,41,1,0.0117%
3193,Spain,,43,1,0.0117%
3194,Spain,Database Designer,58,1,0.0117%
3195,Spain,Internet Database Specialist,47,1,0.0117%
3196,Spain,,18,1,0.0117%
3197,Spain,Automatic Data Processing Customer Liaison (ADP Customer Liaison),44,1,0.0117%
3198,Spain,,25,1,0.0117%
3199,Spain,,18,1,0.0117%
3200,Spain,Electronic Data Processing Auditor (EDP Auditor),29,1,0.0117%
3201,Spain,,41,1,0.0117%
3202,Spain,,24,1,0.0117%
3203,Spain,Data Warehouse Architect,39,1,0.0117%
3204,Spain,,53,1,0.0117%
3205,Spain,,18,1,0.0117%
3206,Spain,Voice and Data Technician,41,1,0.0117%
3207,Spain,Data Compiler,29,1,0.0117%
3208,Spain,,63,1,0.0117%
3209,Spain,Databases Software Consultant,27,1,0.0117%
3210,Spain,"Engineer, System Electronic Data Processing (Engineer, System EDP)",33,1,0.0117%
3211,Spain,Data Processing Systems Project Planner,42,1,0.0117%
3212,Spain,,28,1,0.0117%
3213,Spain,,25,1,0.0117%
3214,Spain,Automatic Data Processing Customer Liaison (ADP Customer Liaison),57,1,0.0117%
3215,Spain,,52,1,0.0117%
3216,Spain,,23,1,0.0117%
